{"cameraMode":{"drawMode":0,"name":"Shaded","section":"Shading Mode"},"sceneLighting":false,"audioPlay":false,"sceneViewState":{"m_AlwaysRefresh":false,"showFog":true,"showSkybox":false,"showFlares":true,"showImageEffects":true,"showParticleSystems":true,"showVisualEffectGraphs":true,"m_FxEnabled":true},"in2DMode":false,"pivot":{"x":-1.8999762535095215,"y":1.0000038146972657,"z":-1.5930719375610352},"rotation":{"x":0.08154882490634918,"y":-0.9132692217826843,"z":0.22669565677642823,"w":0.32850217819213869},"size":6.694708347320557,"orthographic":false}