{"cameraMode":{"drawMode":0,"name":"Shaded","section":"Shading Mode"},"sceneLighting":false,"audioPlay":false,"sceneViewState":{"m_AlwaysRefresh":false,"showFog":true,"showSkybox":false,"showFlares":true,"showImageEffects":true,"showParticleSystems":true,"showVisualEffectGraphs":true,"m_FxEnabled":true},"in2DMode":false,"pivot":{"x":1.0015578269958497,"y":0.646831750869751,"z":1.1534819602966309},"rotation":{"x":0.06518780440092087,"y":-0.7410983443260193,"z":0.07271193712949753,"w":0.6642758250236511},"size":1.7320507764816285,"orthographic":true}