{"cameraMode":{"drawMode":0,"name":"Shaded","section":"Shading Mode"},"sceneLighting":false,"audioPlay":false,"sceneViewState":{"m_AlwaysRefresh":false,"showFog":true,"showSkybox":false,"showFlares":true,"showImageEffects":true,"showParticleSystems":true,"showVisualEffectGraphs":true,"m_FxEnabled":true},"in2DMode":false,"pivot":{"x":4.429999828338623,"y":0.7735258340835571,"z":12.619989395141602},"rotation":{"x":-0.02931925468146801,"y":-0.9619989395141602,"z":0.24646268784999848,"w":-0.1142345517873764},"size":3.7397916316986086,"orthographic":true}