{"cameraMode":{"drawMode":0,"name":"Shaded","section":"Shading Mode"},"sceneLighting":true,"audioPlay":false,"sceneViewState":{"m_AlwaysRefresh":false,"showFog":true,"showSkybox":true,"showFlares":true,"showImageEffects":true,"showParticleSystems":true,"showVisualEffectGraphs":true,"m_FxEnabled":true},"in2DMode":false,"pivot":{"x":1.3790512084960938,"y":0.44949254393577578,"z":2.853867530822754},"rotation":{"x":-0.02931925468146801,"y":-0.9619989395141602,"z":0.24646268784999848,"w":-0.1142345517873764},"size":8.333431243896485,"orthographic":true}