{"cameraMode":{"drawMode":0,"name":"Shaded","section":"Shading Mode"},"sceneLighting":true,"audioPlay":false,"sceneViewState":{"m_AlwaysRefresh":false,"showFog":true,"showSkybox":true,"showFlares":true,"showImageEffects":true,"showParticleSystems":true,"showVisualEffectGraphs":true,"m_FxEnabled":true},"in2DMode":false,"pivot":{"x":-1.150740146636963,"y":-3.2975473403930666,"z":9.345148086547852},"rotation":{"x":0.17268341779708863,"y":-0.7844005823135376,"z":0.5404657125473023,"w":0.25066572427749636},"size":11.403152465820313,"orthographic":true}