{"cameraMode":{"drawMode":0,"name":"Shaded","section":"Shading Mode"},"sceneLighting":false,"audioPlay":false,"sceneViewState":{"m_AlwaysRefresh":false,"showFog":true,"showSkybox":false,"showFlares":true,"showImageEffects":true,"showParticleSystems":true,"showVisualEffectGraphs":true,"m_FxEnabled":true},"in2DMode":false,"pivot":{"x":0.48049965500831606,"y":-0.6076860427856445,"z":-0.3231019973754883},"rotation":{"x":0.0013209276366978884,"y":-0.9855964779853821,"z":0.168990820646286,"w":0.007677868474274874},"size":6.3618927001953129,"orthographic":false}